Province/State,Country/Region,Lat,Long_,22/03/2020,23/03/2020,24/03/2020,25/03/2020,26/03/2020,27/03/2020,28/03/2020,29/03/2020,30/03/2020,31/03/2020,01/04/2020,02/04/2020,03/04/2020,04/04/2020,05/04/2020,06/04/2020,07/04/2020,08/04/2020,09/04/2020,10/04/2020,11/04/2020,12/04/2020,13/04/2020,14/04/2020,15/04/2020,16/04/2020,17/04/2020,18/04/2020,19/04/2020,20/04/2020,21/04/2020,22/04/2020,23/04/2020,24/04/2020,25/04/2020,26/04/2020,27/04/2020,28/04/2020,29/04/2020,30/04/2020,01/05/2020,02/05/2020,03/05/2020,04/05/2020,05/05/2020,06/05/2020,07/05/2020,08/05/2020,09/05/2020,10/05/2020,11/05/2020,12/05/2020,13/05/2020,14/05/2020,15/05/2020,16/05/2020,17/05/2020,18/05/2020,19/05/2020,20/05/2020,21/05/2020,22/05/2020,23/05/2020,24/05/2020,25/05/2020,26/05/2020,27/05/2020,28/05/2020,29/05/2020,30/05/2020,31/05/2020,01/06/2020,02/06/2020,03/06/2020,04/06/2020,05/06/2020,06/06/2020,07/06/2020,08/06/2020,09/06/2020,10/06/2020,11/06/2020,12/06/2020,13/06/2020,14/06/2020,15/06/2020,16/06/2020,17/06/2020,18/06/2020,19/06/2020,20/06/2020,21/06/2020,22/06/2020,23/06/2020,24/06/2020,25/06/2020,26/06/2020,27/06/2020,28/06/2020,29/06/2020,30/06/2020,01/07/2020,02/07/2020,03/07/2020,04/07/2020,05/07/2020,06/07/2020,07/07/2020,08/07/2020,09/07/2020,10/07/2020,11/07/2020,12/07/2020,13/07/2020,14/07/2020,15/07/2020,16/07/2020,17/07/2020,18/07/2020,19/07/2020,20/07/2020,21/07/2020,22/07/2020,23/07/2020,24/07/2020,25/07/2020,26/07/2020,27/07/2020,28/07/2020,29/07/2020,30/07/2020,31/07/2020,01/08/2020,02/08/2020,03/08/2020,04/08/2020,05/08/2020,06/08/2020,07/08/2020,08/08/2020,09/08/2020,10/08/2020,11/08/2020,12/08/2020,13/08/2020,14/08/2020,15/08/2020,16/08/2020,17/08/2020,18/08/2020,19/08/2020,20/08/2020,21/08/2020,22/08/2020,23/08/2020,24/08/2020,25/08/2020,26/08/2020,27/08/2020,28/08/2020,29/08/2020,30/08/2020,31/08/2020,01/09/2020,02/09/2020,03/09/2020,04/09/2020,05/09/2020,06/09/2020,07/09/2020,08/09/2020,09/09/2020,10/09/2020,11/09/2020,12/09/2020,13/09/2020,14/09/2020,15/09/2020,16/09/2020,17/09/2020,18/09/2020,19/09/2020,20/09/2020,21/09/2020,22/09/2020,23/09/2020,24/09/2020,25/09/2020,26/09/2020,27/09/2020,28/09/2020,29/09/2020,30/09/2020,01/10/2020,02/10/2020,03/10/2020,04/10/2020,05/10/2020,06/10/2020,07/10/2020,08/10/2020,09/10/2020,10/10/2020,11/10/2020,12/10/2020,13/10/2020,14/10/2020,15/10/2020,16/10/2020,17/10/2020,18/10/2020,19/10/2020,20/10/2020,21/10/2020,22/10/2020,23/10/2020,24/10/2020,25/10/2020,26/10/2020,27/10/2020,28/10/2020,29/10/2020,30/10/2020,31/10/2020,01/11/2020,02/11/2020,03/11/2020,04/11/2020,05/11/2020,06/11/2020,07/11/2020,08/11/2020,09/11/2020,10/11/2020,11/11/2020,12/11/2020,13/11/2020,14/11/2020,15/11/2020,16/11/2020,17/11/2020,18/11/2020,19/11/2020,20/11/2020,21/11/2020,22/11/2020,23/11/2020,24/11/2020,25/11/2020,26/11/2020,27/11/2020,28/11/2020,29/11/2020,30/11/2020,01/12/2020,02/12/2020,03/12/2020,04/12/2020,05/12/2020,06/12/2020,07/12/2020,08/12/2020,09/12/2020,10/12/2020,11/12/2020,12/12/2020,13/12/2020,14/12/2020,15/12/2020,16/12/2020,17/12/2020,18/12/2020,19/12/2020,20/12/2020,21/12/2020,22/12/2020,23/12/2020,24/12/2020,25/12/2020,26/12/2020,27/12/2020,28/12/2020,29/12/2020,30/12/2020,31/12/2020,01/01/2021,02/01/2021,03/01/2021,04/01/2021,05/01/2021,06/01/2021,07/01/2021,08/01/2021,09/01/2021,10/01/2021,11/01/2021,12/01/2021,13/01/2021,14/01/2021,15/01/2021,16/01/2021,17/01/2021,18/01/2021,19/01/2021,20/01/2021,21/01/2021,22/01/2021,23/01/2021,24/01/2021,25/01/2021,26/01/2021,27/01/2021,28/01/2021,29/01/2021,30/01/2021,31/01/2021,01/02/2021,02/02/2021,03/02/2021,04/02/2021,05/02/2021,06/02/2021,07/02/2021,08/02/2021,09/02/2021,10/02/2021,11/02/2021,12/02/2021,13/02/2021,14/02/2021,15/02/2021,16/02/2021,17/02/2021,18/02/2021,19/02/2021,20/02/2021,21/02/2021,22/02/2021,23/02/2021,24/02/2021,25/02/2021,26/02/2021,27/02/2021,28/02/2021,01/03/2021,02/03/2021,03/03/2021,04/03/2021,05/03/2021,06/03/2021,07/03/2021,08/03/2021,09/03/2021,10/03/2021,11/03/2021,12/03/2021,13/03/2021,14/03/2021,15/03/2021,16/03/2021,17/03/2021,18/03/2021,19/03/2021,20/03/2021,21/03/2021,22/03/2021,23/03/2021,24/03/2021,25/03/2021,26/03/2021,27/03/2021,28/03/2021,29/03/2021,30/03/2021,31/03/2021,01/04/2021,02/04/2021,03/04/2021,04/04/2021,05/04/2021,06/04/2021,07/04/2021,08/04/2021,09/04/2021,10/04/2021,11/04/2021,12/04/2021,13/04/2021,14/04/2021,15/04/2021,16/04/2021,17/04/2021,18/04/2021,19/04/2021,20/04/2021,21/04/2021,22/04/2021,23/04/2021,24/04/2021,25/04/2021,26/04/2021,27/04/2021,28/04/2021,29/04/2021,30/04/2021,01/05/2021,02/05/2021,03/05/2021,04/05/2021,05/05/2021,06/05/2021,07/05/2021,08/05/2021,09/05/2021,10/05/2021,11/05/2021,12/05/2021,13/05/2021,14/05/2021,15/05/2021,16/05/2021,17/05/2021,18/05/2021,19/05/2021,20/05/2021,21/05/2021,22/05/2021,23/05/2021,24/05/2021,25/05/2021,26/05/2021,27/05/2021,28/05/2021,29/05/2021,30/05/2021,31/05/2021,01/06/2021,02/06/2021,03/06/2021,04/06/2021,05/06/2021,06/06/2021,07/06/2021,08/06/2021,09/06/2021,10/06/2021,11/06/2021,12/06/2021,13/06/2021,14/06/2021,15/06/2021,16/06/2021,17/06/2021,18/06/2021,19/06/2021,20/06/2021,21/06/2021,22/06/2021,23/06/2021,24/06/2021,25/06/2021,26/06/2021,27/06/2021,28/06/2021,29/06/2021,30/06/2021,01/07/2021,02/07/2021,03/07/2021,04/07/2021,05/07/2021,06/07/2021,07/07/2021,08/07/2021,09/07/2021,10/07/2021,11/07/2021,12/07/2021,13/07/2021,14/07/2021,15/07/2021,16/07/2021,17/07/2021,18/07/2021,19/07/2021,20/07/2021,21/07/2021,22/07/2021,23/07/2021,24/07/2021,25/07/2021,26/07/2021,27/07/2021,28/07/2021,29/07/2021,30/07/2021,31/07/2021,01/08/2021,02/08/2021,03/08/2021,04/08/2021,05/08/2021,06/08/2021,07/08/2021,08/08/2021,09/08/2021,10/08/2021,11/08/2021,12/08/2021,13/08/2021,14/08/2021,15/08/2021,16/08/2021,17/08/2021,18/08/2021,19/08/2021,20/08/2021,21/08/2021,22/08/2021,23/08/2021,24/08/2021,25/08/2021,26/08/2021,27/08/2021,28/08/2021,29/08/2021,30/08/2021,31/08/2021,01/09/2021,02/09/2021,03/09/2021,04/09/2021,05/09/2021,06/09/2021,07/09/2021,08/09/2021,09/09/2021,10/09/2021,11/09/2021,12/09/2021,13/09/2021,14/09/2021,15/09/2021,16/09/2021,17/09/2021,18/09/2021,19/09/2021,20/09/2021,21/09/2021,22/09/2021,23/09/2021,24/09/2021,25/09/2021,26/09/2021,27/09/2021,28/09/2021,29/09/2021,30/09/2021,01/10/2021,02/10/2021,03/10/2021,04/10/2021,05/10/2021,06/10/2021,07/10/2021,08/10/2021,09/10/2021,10/10/2021,11/10/2021,12/10/2021,13/10/2021,14/10/2021,15/10/2021,16/10/2021,17/10/2021,18/10/2021,19/10/2021,20/10/2021,21/10/2021,22/10/2021,23/10/2021,24/10/2021,25/10/2021,26/10/2021,27/10/2021,28/10/2021,29/10/2021,30/10/2021,31/10/2021,01/11/2021,02/11/2021,03/11/2021,04/11/2021,05/11/2021,06/11/2021,07/11/2021,08/11/2021,09/11/2021,10/11/2021,11/11/2021,12/11/2021,13/11/2021,14/11/2021,15/11/2021,16/11/2021,17/11/2021,18/11/2021,19/11/2021,20/11/2021,21/11/2021,22/11/2021,23/11/2021,24/11/2021,25/11/2021,26/11/2021,27/11/2021,28/11/2021,29/11/2021,30/11/2021,01/12/2021,02/12/2021,03/12/2021,04/12/2021,05/12/2021,06/12/2021,07/12/2021,08/12/2021,09/12/2021,10/12/2021,11/12/2021,12/12/2021,13/12/2021,14/12/2021,15/12/2021,16/12/2021,17/12/2021,18/12/2021,19/12/2021,20/12/2021,21/12/2021,22/12/2021,23/12/2021,24/12/2021,25/12/2021,26/12/2021,27/12/2021,28/12/2021,29/12/2021,30/12/2021,31/12/2021
Johor,Malaysia,1.4854,103.7618,138,149,153,185,221,239,250,271,285,296,306,301,323,329,296,304,312,317,302,319,297,271,275,248,241,253,262,278,279,280,279,282,284,288,288,291,289,289,288,283,270,260,245,236,231,231,210,197,190,185,176,168,164,162,155,148,139,127,125,125,115,115,100,101,97,90,58,43,41,39,38,36,34,33,31,31,31,31,30,28,27,27,27,29,29,32,32,32,12,12,11,12,9,9,8,9,11,10,9,8,8,8,4,4,4,4,4,5,3,5,6,8,7,6,8,8,8,5,3,4,18,18,18,19,21,31,38,38,38,39,40,41,41,41,41,38,38,36,33,14,12,14,15,12,11,9,9,9,8,7,7,7,6,6,5,4,4,2,2,2,2,2,1,1,1,2,2,2,2,2,2,2,2,2,2,2,2,1,1,1,1,1,1,1,1,1,2,3,4,6,6,8,16,21,22,26,34,36,42,48,53,58,53,55,53,57,54,47,52,54,53,42,42,38,30,30,37,52,53,57,64,72,77,77,78,84,72,71,65,58,57,49,59,48,53,61,61,76,83,85,92,92,100,99,130,128,140,148,156,212,233,265,289,326,372,454,526,568,613,717,781,851,869,925,938,991,1040,1065,1071,1015,979,983,946,995,1237,1370,1459,1516,1598,1985,2115,2300,2196,2712,2876,2957,3507,3526,3670,3845,4382,5424,5306,5542,5817,6061,6318,6718,7001,7413,7964,8162,8241,8514,8877,8716,9149,8353,6684,6993,6775,7826,8149,7976,7595,8018,8308,8175,8670,9237,9771,10244,10573,10730,10880,11176,11645,10761,10288,10708,10935,11281,10194,8123,7736,7466,7431,7022,6366,6166,5619,5173,4666,4483,4727,4456,4437,4311,4009,3916,3747,3703,3475,3411,3361,3197,2970,2802,2399,2335,2170,2110,1801,1788,1810,1717,1611,1656,1589,1550,1520,1505,1577,1634,1560,1579,1558,1499,1442,1414,1289,1245,1285,1286,1292,1176,1050,1068,1043,1080,1113,1135,1415,1475,1414,1518,1554,1576,1667,1682,1966,2090,2135,2159,2204,2412,2212,2342,2605,2625,2729,2832,3043,3123,3014,3164,3325,3509,3639,3739,3685,3868,3926,4282,4616,4688,4882,5114,5335,5578,5767,5950,6368,6374,6457,6503,6536,6553,6599,6624,6587,6734,6464,6361,6274,6155,5887,5989,5912,5867,5852,5643,5380,5538,5658,5734,5727,5505,5352,5179,4962,4831,4784,4607,4568,4472,4375,4304,4215,4154,4242,4347,4325,4301,4385,4527,4566,4733,4911,4977,5262,5391,5570,5869,6423,6723,7061,7475,7775,8271,8632,9628,10234,10276,10707,11324,12019,11850,12250,12831,13504,13951,14507,14925,15252,15199,15801,16680,17206,17421,17704,18170,18485,18517,18861,18988,19031,19563,19665,19680,20077,20276,21480,21895,22474,22911,23774,24642,25208,25871,26921,27444,28236,28932,29351,29364,28583,29109,29558,29863,29642,29470,29341,29404,29393,29550,29359,28845,28647,28659,,,,,,,,,,,,,,,,,,,,,,,,,,,,,,,,,,,,,,,,,,,,,,,,,,,,,,,,,,,,,,,,,,,,,,,,,,,,,,,,,,,,,,,,,,,,,,,,,,,,
Kedah,Malaysia,6.1184,100.3685,46,53,58,64,66,66,61,58,60,54,56,54,55,45,46,42,47,34,36,36,36,30,30,28,29,23,22,22,17,15,15,15,15,11,11,11,11,10,10,10,9,9,9,8,8,8,7,7,7,7,6,6,6,6,6,6,6,6,6,7,7,7,6,6,6,4,4,4,4,4,4,4,3,3,3,3,3,3,3,3,3,3,3,3,3,3,3,3,2,2,2,2,2,2,2,2,3,3,3,3,3,2,2,1,1,0,0,0,0,0,1,1,1,2,2,2,2,2,2,2,3,3,3,3,2,2,2,2,8,8,9,11,12,23,24,24,27,33,34,34,34,34,34,36,45,57,71,61,67,65,72,72,68,73,75,75,82,87,81,60,59,51,53,42,42,43,44,38,38,39,52,66,63,76,81,91,88,88,87,90,89,97,100,77,81,73,72,72,67,64,63,54,64,159,282,377,476,715,1102,1251,1266,1276,1299,1305,1315,1374,1487,1291,1246,1284,883,788,696,684,619,545,620,541,543,411,323,292,297,277,237,158,160,162,163,148,153,138,145,127,139,130,121,127,129,139,147,150,155,157,158,168,187,156,163,176,162,170,216,242,250,255,270,271,274,265,268,230,204,182,168,166,156,142,144,132,134,128,127,116,101,98,98,88,83,81,102,105,106,124,139,154,197,237,269,299,317,332,403,455,522,538,541,578,664,746,864,935,1060,1090,1222,1326,1491,1481,1507,1519,1531,1566,1583,1708,1757,1782,1769,1725,1737,1339,1121,1063,1026,898,865,911,1034,1132,1183,1197,1201,1201,963,1096,893,941,879,826,749,579,599,569,521,461,432,379,392,233,215,181,169,159,163,166,173,160,161,184,195,212,229,245,249,276,289,276,296,334,353,342,356,376,324,333,343,314,286,269,268,272,267,280,284,294,330,342,362,371,389,402,387,403,395,388,379,407,449,460,450,472,480,491,577,607,700,760,799,829,916,959,939,1070,1149,1222,1339,1458,1455,1553,1640,1750,1964,2023,2062,2425,2516,2776,2856,3066,3210,3452,3553,3665,3831,3869,3946,4022,3823,3640,3548,3381,3237,3284,2941,2766,2497,2664,2241,2147,2137,2132,2022,2031,1968,1960,1967,1983,1987,1950,1941,1963,1924,1919,1830,1847,1915,1970,2034,2089,2003,2164,2263,2450,2467,2621,2815,2940,3038,3296,3524,3902,4331,4385,4756,5124,5400,5755,6233,6627,6925,7297,7907,8455,8939,9537,10021,11157,11486,12354,12732,13463,12811,13154,13055,13319,13566,13659,14518,15016,15623,16068,16648,16772,16989,17556,18125,18638,19106,19183,19229,18738,18830,19277,18658,18587,18864,18674,18809,18870,18866,19009,18050,17502,17277,16923,16580,16180,15558,15081,14819,14194,13342,12927,12615,12145,11620,11299,10634,10044,9442,9219,,,,,,,,,,,,,,,,,,,,,,,,,,,,,,,,,,,,,,,,,,,,,,,,,,,,,,,,,,,,,,,,,,,,,,,,,,,,,,,,,,,,,,,,,,,,,,,,,,,,
Kelantan,Malaysia,6.1254,102.2381,62,70,77,83,93,97,107,122,125,129,132,126,118,81,82,83,88,62,62,63,65,66,68,27,18,19,19,11,11,11,11,11,11,11,11,9,9,9,9,9,9,9,9,9,9,6,6,6,6,6,6,6,6,6,6,6,6,6,6,6,6,6,6,6,6,6,6,6,6,6,6,6,6,5,5,5,5,5,5,5,5,5,5,5,5,5,5,5,0,0,0,0,0,0,0,1,1,1,1,1,1,0,0,0,0,0,0,0,0,0,0,0,0,0,0,0,0,0,1,1,1,1,1,2,2,2,3,3,1,1,1,0,0,0,0,0,0,0,0,0,0,0,0,0,0,0,0,0,0,0,0,0,0,0,0,0,0,0,0,0,0,0,0,0,0,0,0,0,0,0,0,0,0,0,0,0,0,0,0,0,0,0,0,0,0,1,1,1,1,1,1,2,4,4,6,8,9,10,10,11,10,10,10,10,10,10,5,7,4,4,4,4,5,6,9,9,9,10,10,10,10,10,8,9,9,9,7,7,7,6,6,8,8,14,15,17,22,27,28,35,50,52,60,65,71,77,83,85,89,109,95,99,102,95,98,89,86,104,127,118,109,96,108,106,105,104,91,70,52,46,43,41,31,31,35,38,42,48,47,100,125,145,174,223,253,305,317,353,380,368,384,380,380,409,463,493,537,585,621,641,727,775,834,878,922,996,1071,1047,1036,1058,1079,1074,1037,1076,1053,1045,1050,1052,1054,906,710,746,730,622,616,612,631,679,693,748,742,721,570,579,528,739,688,692,745,698,716,742,764,709,701,695,644,660,677,489,449,424,367,328,306,293,279,251,259,296,296,289,314,327,339,349,382,383,398,461,559,573,563,573,589,560,572,573,519,467,558,543,570,650,751,813,820,885,1039,1166,1247,1397,1626,1799,2123,2365,2834,3209,3599,3928,4125,4435,4833,5025,5239,5469,5318,5523,5280,5268,5096,4688,4794,4508,4453,4269,4187,4228,4111,3636,3682,3644,3801,3916,3977,4190,4489,4750,5057,5177,5372,5748,6152,6561,6592,6724,6797,6985,6883,6692,6029,5899,5801,5571,5326,4860,4493,4253,3052,2967,2972,2884,2554,2503,2398,2291,2212,2156,1923,1787,1689,1582,1540,1454,1406,1386,1286,1326,1262,1297,1262,1257,1251,1230,1248,1205,1250,1279,1388,1493,1637,1759,1857,1894,1910,1953,2177,2181,2375,2690,2735,2845,3257,3547,3831,4159,4612,4783,4903,5504,6075,6805,6558,6986,7385,7833,8416,9067,9062,9272,9794,9984,10297,10930,11936,11756,12070,12264,12344,12237,12721,13485,13445,13152,13084,13037,12913,13150,13645,13685,14082,14243,13637,13323,13476,13706,13627,14275,14044,13721,13195,13327,13292,13212,12490,12432,12394,11938,11938,12213,,,,,,,,,,,,,,,,,,,,,,,,,,,,,,,,,,,,,,,,,,,,,,,,,,,,,,,,,,,,,,,,,,,,,,,,,,,,,,,,,,,,,,,,,,,,,,,,,,,,
Melaka,Malaysia,2.1896,102.2501,23,25,30,32,32,32,41,43,50,51,58,65,67,69,83,93,97,110,112,124,110,110,105,104,104,93,93,90,127,118,109,108,97,99,82,75,75,73,73,76,76,78,64,67,61,46,47,47,47,45,45,44,46,42,42,40,32,29,29,22,22,23,21,19,19,17,17,14,10,12,12,25,26,26,26,27,27,27,28,28,28,39,43,44,43,45,34,34,32,31,20,21,21,20,17,13,10,9,8,5,4,3,3,0,0,0,0,0,0,0,0,0,0,1,1,1,1,1,1,1,1,1,1,1,1,0,0,0,0,0,0,0,0,0,0,0,0,0,0,0,0,0,0,0,0,0,0,0,0,0,0,0,0,0,0,0,0,0,2,2,2,2,2,2,2,2,2,2,2,2,2,2,2,2,2,2,2,2,0,0,0,0,0,0,0,0,0,0,0,1,2,3,3,4,4,4,4,5,5,5,6,6,7,10,11,11,13,15,13,14,15,31,31,34,37,30,33,32,31,29,25,17,15,15,11,10,8,7,10,9,11,16,19,19,25,32,45,50,47,46,47,47,43,39,35,33,25,23,22,19,14,15,12,8,8,7,9,8,12,15,14,14,15,18,23,35,42,39,44,53,151,291,288,289,296,296,408,482,496,498,508,514,325,325,548,562,608,602,636,641,506,319,379,400,435,434,377,429,500,533,550,504,649,707,810,898,943,1206,1302,1373,1313,1357,1163,1208,1215,1221,1288,1318,1250,1352,1179,1480,1737,1972,2067,1852,1407,1398,1351,1327,1304,1299,970,949,715,733,510,459,375,364,329,311,301,274,245,231,251,216,204,201,164,157,141,107,155,167,148,144,142,140,156,159,155,155,157,163,207,253,278,264,287,287,290,286,319,320,276,284,281,303,263,225,198,220,187,230,237,245,225,266,274,271,270,285,290,339,359,373,298,322,319,332,317,331,344,343,374,436,450,470,521,559,607,612,647,703,773,786,838,857,897,918,944,1018,1137,1210,1298,1406,1653,1854,1966,2141,2437,2706,2829,3093,3207,3320,3479,3599,3644,3673,3516,3561,3490,3443,3238,3076,3029,2782,2500,2367,2239,2237,2169,2150,2063,1696,1808,1878,2031,2287,2531,2548,2668,2819,2809,2796,3038,3176,3239,3398,3647,3628,3491,3531,3557,3828,4042,3773,4071,4294,4637,4798,5101,5286,4799,4936,5079,5013,5105,5215,5694,5466,5501,5548,5791,6267,6390,6592,6652,6938,7087,6905,6940,6797,6784,6864,6752,6903,6667,6750,7373,7484,7521,7711,7925,8166,8330,8437,8165,7969,8028,7901,7725,7765,7070,6871,6650,6345,6169,5625,5589,5531,5636,5897,5695,5563,5721,5467,5271,5233,5005,4942,4734,4661,4475,4346,4203,4148,,,,,,,,,,,,,,,,,,,,,,,,,,,,,,,,,,,,,,,,,,,,,,,,,,,,,,,,,,,,,,,,,,,,,,,,,,,,,,,,,,,,,,,,,,,,,,,,,,,,
Negeri Sembilan,Malaysia,2.7258,101.9424,76,92,106,120,129,125,134,134,134,130,132,145,148,153,149,156,177,171,128,127,143,130,172,162,127,145,148,141,136,134,135,105,123,113,112,107,83,83,143,143,142,132,199,201,196,185,184,237,265,305,320,290,309,317,287,265,255,254,254,230,199,179,172,153,138,108,105,83,133,136,136,132,134,165,165,164,155,156,152,149,148,135,103,128,128,141,127,128,128,105,102,104,112,112,91,73,59,55,58,50,44,44,31,30,18,17,15,15,15,13,3,3,3,3,3,3,3,2,2,2,3,3,3,3,2,2,2,2,2,2,2,3,3,3,3,2,1,3,3,4,4,3,3,3,3,3,5,5,0,0,0,0,0,0,0,0,0,0,0,0,0,0,0,0,0,2,3,3,3,3,4,5,5,5,5,5,9,9,9,6,7,7,7,5,5,5,5,5,4,4,5,5,6,6,8,8,10,11,18,18,17,21,21,21,32,34,33,38,39,40,41,42,46,54,92,128,221,241,262,416,440,468,466,491,408,364,428,402,437,388,406,500,694,789,979,1181,1182,1482,1359,1357,1181,1103,1002,1027,865,798,729,659,893,1006,1122,1038,1004,1096,1172,1175,1172,919,755,928,1344,1265,1091,1104,1067,1080,1066,1114,906,819,794,826,786,897,731,732,714,801,835,807,711,762,739,701,708,735,705,694,643,700,739,745,815,1012,1098,1103,1111,1135,1248,1222,1115,1182,1191,1196,1257,1263,1329,1274,1188,1142,1136,1142,1066,1016,1058,930,955,975,834,887,925,968,995,999,1058,1168,1146,1202,1200,1141,1228,1222,1185,1212,1184,1241,1162,1150,937,2210,2176,2099,2064,2097,2079,1991,1970,1311,1280,1240,1242,1268,1229,682,645,602,584,449,412,393,419,400,377,345,362,352,336,388,381,374,403,394,373,379,370,393,404,401,379,374,366,327,309,312,322,341,362,382,400,406,426,483,496,559,490,485,479,538,531,524,601,571,598,655,735,743,757,787,853,908,917,1023,1006,1151,1188,1255,1300,1304,1339,1411,1367,1500,1522,1648,1817,1984,2285,2526,2714,2995,3250,3440,3776,4359,4547,4617,4598,4968,5226,5385,5702,5832,5995,6061,6143,6459,6570,6331,6129,6098,6133,6098,6784,6977,6992,7130,6987,7052,7196,7450,7370,7442,7547,7758,7980,7985,7788,7372,7309,7139,7093,7153,7283,7374,7650,7557,7590,7760,7977,8923,9940,10987,11405,11592,12308,12549,12554,12347,12070,11965,11852,11540,11130,10613,10015,9668,9367,9378,8955,8859,9064,9384,9726,9881,10421,11068,10914,11148,11214,11113,10952,10940,10425,10169,10094,9743,9374,8875,8325,7631,7390,6718,6400,5763,5394,5171,5053,4792,4554,4375,4111,3937,3716,3437,3274,3267,2970,2908,2768,2715,2592,2524,2559,2449,2382,2262,2149,2073,1976,1924,,,,,,,,,,,,,,,,,,,,,,,,,,,,,,,,,,,,,,,,,,,,,,,,,,,,,,,,,,,,,,,,,,,,,,,,,,,,,,,,,,,,,,,,,,,,,,,,,,,,
Pahang,Malaysia,3.8126,103.3256,37,52,53,60,61,66,78,90,81,85,94,97,107,131,138,141,146,148,162,165,184,188,120,131,143,134,118,109,107,95,97,99,100,95,90,86,69,69,73,74,77,84,84,84,81,81,81,80,80,78,82,80,63,71,76,79,80,73,74,69,66,68,62,57,57,50,50,49,44,41,56,56,56,54,55,56,56,48,48,48,47,47,44,43,43,29,24,14,3,3,2,2,2,2,2,0,0,0,0,0,0,0,0,0,0,0,0,0,0,0,0,0,0,0,0,0,0,0,0,0,0,0,0,1,4,4,5,5,5,5,5,5,5,5,5,5,5,5,5,5,5,5,5,5,5,5,5,5,0,0,0,0,0,0,0,0,0,0,0,0,0,0,0,0,1,1,1,1,1,1,1,1,1,1,1,1,1,1,1,0,0,0,0,0,0,0,0,1,2,6,6,6,8,9,10,10,10,11,11,13,14,14,14,10,7,7,7,6,6,6,6,6,5,6,8,8,7,7,7,7,6,7,5,6,5,6,6,6,6,6,5,5,5,3,3,3,3,3,3,3,3,3,3,3,3,3,3,3,2,2,5,5,6,8,8,9,12,27,26,30,29,61,180,223,319,389,417,387,393,405,398,381,391,251,245,242,282,284,213,221,230,233,513,544,516,530,496,508,498,517,521,530,558,567,599,634,694,835,939,982,1030,1081,1150,1152,1184,1232,1262,1328,1384,1428,1439,1461,1527,1584,1627,1677,1719,1776,1415,926,767,803,829,802,773,781,791,815,818,819,830,845,530,575,365,403,303,285,266,254,249,227,216,218,208,194,216,195,210,196,199,188,182,142,138,105,110,102,113,114,103,111,111,99,97,136,171,213,215,217,244,271,251,265,291,300,335,368,352,324,332,312,310,307,285,298,323,321,299,313,309,300,298,299,292,360,369,405,397,423,414,434,413,502,513,526,543,585,607,584,652,687,767,832,882,933,978,945,1070,1139,1248,1328,1439,1536,1594,1678,1798,1975,2158,2256,2361,2542,2629,2707,2783,2985,2899,2985,2968,2938,2994,2906,2745,2681,2743,2565,2376,2283,2021,1881,1672,1331,1253,1184,1022,914,797,799,960,1035,1100,1285,1370,1475,1711,1847,2021,2278,2396,2390,2536,2600,2712,2744,2773,2788,2980,3159,3149,3204,3201,3217,3299,3468,3693,3745,4011,3875,4094,4291,4514,4549,4555,4824,5390,5678,6090,6313,6268,6478,6589,6635,6909,7245,7344,7432,7672,7818,7834,7962,8149,8418,8543,8578,8706,8851,8705,8652,8812,8621,8677,8649,8408,8341,8074,8274,8541,8787,8803,8506,8220,7878,7791,7639,7790,8077,8263,8548,8743,8515,8605,8761,8856,9079,9162,9279,9311,9497,9537,9800,,,,,,,,,,,,,,,,,,,,,,,,,,,,,,,,,,,,,,,,,,,,,,,,,,,,,,,,,,,,,,,,,,,,,,,,,,,,,,,,,,,,,,,,,,,,,,,,,,,,
Perak,Malaysia,4.5921,101.0901,67,82,98,127,148,155,159,170,177,182,174,160,161,158,140,126,140,102,100,86,73,73,70,64,50,41,36,30,30,24,23,23,22,20,16,16,14,9,9,9,7,7,7,7,7,7,7,7,7,9,9,9,9,9,9,9,9,5,5,5,4,4,4,4,4,3,3,3,3,4,4,4,4,4,4,4,4,4,4,4,4,4,4,4,4,4,4,4,2,2,2,2,2,2,2,1,1,1,1,0,0,0,0,0,0,0,0,0,0,0,0,0,0,0,0,0,0,0,0,2,2,2,3,3,4,4,4,4,4,4,4,4,6,4,4,4,4,3,4,4,4,7,7,7,7,4,4,4,4,3,3,3,3,3,0,0,0,0,0,0,0,0,0,0,0,0,0,0,0,0,0,0,0,0,0,0,0,0,0,0,0,0,0,0,0,0,0,0,0,0,0,1,2,2,5,5,7,9,16,20,25,26,27,28,29,43,46,98,107,95,105,123,132,132,136,139,88,79,84,95,78,83,71,77,72,65,61,45,43,61,88,83,131,137,148,153,163,174,186,298,303,295,329,342,357,365,431,536,487,525,547,660,720,699,642,627,535,499,472,460,481,410,395,465,437,458,534,487,538,536,532,511,560,517,429,395,311,307,337,263,226,260,238,266,296,326,310,345,331,324,325,345,424,388,432,428,609,647,707,721,691,744,776,640,738,913,961,1076,1004,1022,1013,1138,1179,1182,1214,1209,1349,1335,1376,1423,1218,1199,1209,1141,986,971,1027,1076,1100,1124,1151,1177,989,1162,1082,1139,2205,2267,2451,2544,2483,2906,3034,2518,2514,2434,2111,2109,1655,1476,893,784,723,621,600,557,533,555,551,515,500,496,527,456,425,431,401,373,417,404,382,343,325,354,357,312,242,663,684,673,722,737,707,717,729,753,757,779,777,811,660,369,372,378,366,378,385,379,400,413,420,414,436,498,554,561,602,603,672,682,789,861,913,854,926,954,1040,1307,1309,1388,1399,1435,1474,1508,1661,1902,1876,2019,2108,2178,2232,2331,2507,2504,2419,2567,2557,2589,2543,2662,2687,2668,2417,2338,2247,2160,2072,1908,1782,1715,1524,1282,1146,1374,1446,1523,1726,1666,1672,1694,1546,1410,1569,1760,1826,1751,1802,1866,1876,2046,2024,1939,1814,2196,2282,2265,2351,2169,2249,2235,2480,2424,2686,2605,2676,2805,2907,2966,2949,3172,3566,3851,4095,3943,4261,4715,5159,5408,5692,6154,6446,7004,7210,7198,7213,7334,7478,7597,7759,8148,8321,8596,8785,9245,9384,9853,10461,10571,10434,10243,10835,11061,10837,10939,11088,10781,10769,10803,10922,10878,11504,11975,12233,12291,12182,12317,12838,13388,13520,12953,12739,12725,12349,12317,13334,13274,12950,12869,12605,13062,,,,,,,,,,,,,,,,,,,,,,,,,,,,,,,,,,,,,,,,,,,,,,,,,,,,,,,,,,,,,,,,,,,,,,,,,,,,,,,,,,,,,,,,,,,,,,,,,,,,
Perlis,Malaysia,6.4449,100.2048,9,9,9,10,10,10,10,8,9,4,4,4,4,4,5,4,8,8,8,8,8,8,8,8,8,8,8,8,8,8,8,8,8,8,8,8,8,8,8,8,8,8,8,8,8,8,0,0,0,0,0,0,0,0,0,0,0,0,0,0,0,0,0,0,0,0,0,0,0,0,0,0,0,0,0,0,0,0,0,0,0,0,0,0,0,0,0,0,0,0,0,0,0,0,0,0,0,0,0,0,0,0,0,0,0,0,0,0,0,0,0,0,0,0,0,0,0,0,0,0,0,0,0,0,0,0,0,0,0,1,1,1,1,1,1,2,2,2,12,12,12,12,12,12,12,12,13,13,12,12,2,2,2,2,2,2,3,3,2,2,2,2,2,2,2,2,2,2,2,2,3,3,3,3,3,3,2,2,1,1,1,1,1,1,1,0,0,0,0,0,0,1,3,5,5,5,5,5,5,5,5,5,5,5,2,2,1,1,1,1,1,1,1,1,1,1,0,0,0,0,0,0,0,0,0,0,0,0,0,0,0,0,0,0,2,2,2,2,3,3,3,3,3,1,1,2,3,2,2,2,2,2,2,1,1,1,1,2,2,1,1,1,1,1,1,1,2,2,1,1,1,1,1,1,1,1,1,1,1,1,1,1,1,1,1,0,0,0,1,1,1,1,4,12,17,20,19,20,24,24,33,41,50,53,54,61,56,59,60,58,58,60,66,62,54,57,53,54,52,37,29,31,33,33,30,21,25,23,20,18,16,12,10,14,12,15,15,19,15,14,14,13,13,13,11,10,10,9,8,8,32,48,49,52,54,79,107,104,94,82,82,74,62,12,14,10,10,9,8,7,7,7,7,8,8,7,8,4,5,7,7,7,7,6,8,6,8,8,11,11,11,12,15,13,15,15,15,13,14,15,15,16,8,8,11,10,14,13,12,11,12,15,14,15,18,18,16,14,15,17,14,13,13,19,27,26,41,46,53,59,65,68,73,89,78,83,81,79,78,83,76,66,63,58,54,55,47,43,41,34,32,36,36,32,31,30,28,28,23,25,20,19,19,24,21,22,23,22,23,20,18,17,14,12,9,13,11,11,7,10,13,19,20,25,25,25,26,27,29,35,45,43,45,41,51,61,76,88,88,87,95,95,97,125,119,138,146,172,194,241,272,275,279,293,315,341,387,382,425,467,509,529,558,594,635,662,704,712,703,754,776,833,829,828,781,822,866,840,829,848,823,793,850,831,791,735,738,745,725,773,,,,,,,,,,,,,,,,,,,,,,,,,,,,,,,,,,,,,,,,,,,,,,,,,,,,,,,,,,,,,,,,,,,,,,,,,,,,,,,,,,,,,,,,,,,,,,,,,,,,
Pulau Pinang,Malaysia,5.4141,100.3288,56,64,66,67,71,77,83,84,85,91,93,95,95,96,98,98,99,105,105,106,111,113,113,116,116,116,16,14,13,12,12,12,10,6,6,8,7,7,4,3,3,3,3,1,2,2,2,2,2,2,2,2,2,2,2,2,2,2,2,2,2,2,2,2,2,2,2,2,2,2,2,2,2,2,2,2,2,2,2,2,2,2,2,2,2,2,2,2,0,0,0,0,0,0,0,0,0,0,0,0,0,0,0,0,0,0,0,0,0,0,0,0,0,0,0,0,0,0,0,0,0,0,0,0,0,0,0,0,0,0,0,0,0,0,0,0,0,0,1,1,4,4,4,4,4,5,6,7,10,9,13,13,11,11,11,11,11,11,11,11,7,6,6,2,2,2,2,1,2,3,3,3,3,3,3,3,3,3,3,5,5,5,6,5,5,5,5,5,5,3,3,4,5,5,5,6,7,6,9,16,17,25,28,27,168,190,207,223,256,444,489,515,523,367,347,362,316,324,365,299,300,300,323,325,324,264,189,168,175,357,346,350,367,365,373,328,257,249,277,263,272,257,210,212,175,157,150,130,131,119,164,238,273,314,324,348,343,320,300,283,285,257,261,250,247,309,291,300,301,317,339,318,322,321,285,252,262,224,201,234,242,275,306,351,435,592,838,881,914,939,963,889,742,806,784,778,980,939,1009,1083,1109,1091,1133,1193,1232,1291,1391,1451,1448,1462,1493,1538,1543,1593,1612,1605,1645,1670,1683,1295,1225,1382,1471,1529,1466,1417,1440,1441,1495,1449,1437,1431,1211,1263,1228,1211,1027,1006,1047,1046,1053,1018,1061,1061,1015,1054,1045,1252,1210,1172,1207,1119,1164,1119,984,969,1030,1105,1135,1210,1216,1218,1226,1353,1381,1318,1304,1308,1271,1243,1222,1259,1235,1222,1316,1340,1297,1182,1213,1140,1101,1101,1129,1194,1169,1135,1127,1056,979,982,971,962,931,903,911,950,962,923,970,936,986,1001,970,1048,1243,1205,1217,1312,1401,1506,1605,1747,2031,2178,2229,2246,2257,2339,2158,2299,2353,2217,2192,2130,2257,2278,2292,2582,2569,2681,2930,3046,3279,3409,3323,3208,3276,3376,3177,3070,3352,3418,3091,3048,2851,2650,2520,2168,2238,1905,1715,1569,1392,1366,1455,1436,1352,1111,1171,1136,1190,1306,1236,1191,1197,1185,1255,1402,1540,1403,1479,1440,1470,1527,1477,1615,1611,1574,1684,1748,2026,2244,2430,2705,2730,2963,3074,3381,3510,3674,4207,4292,4426,4857,5147,5272,5797,6171,6123,6417,7083,7169,7798,8269,8691,9329,9587,10216,11262,11317,11831,12789,12799,13135,13500,14401,15087,16321,17166,17714,19196,19247,19996,20694,21360,21640,22092,22215,22183,22115,22288,22544,22963,22951,22883,24080,24267,24368,24444,24078,18265,19622,19109,20749,18550,18827,15944,16228,17081,13795,,,,,,,,,,,,,,,,,,,,,,,,,,,,,,,,,,,,,,,,,,,,,,,,,,,,,,,,,,,,,,,,,,,,,,,,,,,,,,,,,,,,,,,,,,,,,,,,,,,,
Sabah,Malaysia,5.9788,116.0753,158,169,170,170,172,182,194,194,190,195,197,198,203,210,223,189,179,186,159,150,153,159,173,162,157,139,144,132,135,115,114,102,101,100,100,96,90,91,89,72,53,53,54,50,49,45,40,38,32,32,35,35,37,37,35,36,35,34,40,41,40,41,42,44,44,43,44,36,35,28,25,23,24,24,22,24,23,25,27,27,26,23,22,24,24,21,20,22,20,9,10,8,7,9,9,9,8,10,11,12,11,9,10,12,13,15,12,10,9,8,8,6,6,6,5,4,3,4,4,5,5,6,5,6,6,5,6,9,11,11,15,16,16,17,16,16,16,18,19,18,15,15,13,17,17,17,17,16,16,15,14,14,14,13,13,13,12,12,12,11,10,10,10,18,18,24,23,17,19,70,132,136,176,343,386,417,441,454,512,519,597,561,565,607,504,616,622,703,688,772,825,859,869,948,996,1042,1116,1190,1357,1575,1831,1939,2155,2594,2826,2950,3161,3351,3723,3932,4410,4820,5056,5279,5597,5872,6309,6547,6957,6999,7242,7132,7318,6962,6945,7000,7126,7300,7392,8367,8199,8209,7603,7638,7342,7117,7225,7256,7068,6978,6947,7094,7331,7539,7513,7423,7296,6694,5042,3237,2946,3144,3117,2983,2847,2814,2713,2628,2752,2808,2755,2785,2599,2603,2897,3041,3129,2976,2833,2638,2557,2543,2401,2329,2257,2115,2019,2036,2015,2048,2014,1922,1931,1995,2132,2154,2131,2211,2355,2531,2743,3025,3124,3196,3362,3428,3506,3649,3754,3894,3963,4019,4012,4169,4156,4174,3974,4038,4074,4019,3919,3795,3763,3574,3428,3334,3252,3176,3027,2652,2359,2361,2198,2108,2031,1985,1954,1804,1730,1625,1554,1520,1206,1189,1200,1196,1125,1111,1183,1098,1063,1061,1040,1012,1041,1008,1008,992,996,964,971,916,858,854,837,805,799,680,583,551,499,524,479,539,542,499,517,538,523,508,524,518,518,477,506,530,548,585,582,602,651,647,693,778,848,886,933,960,1019,1143,1167,1238,1267,1302,1300,1372,1370,1266,1276,1293,1201,1143,1040,1055,982,952,973,924,902,879,807,848,812,802,795,753,764,787,739,698,737,692,676,767,966,1048,1182,1267,1364,1538,1685,1767,1938,2046,2103,2077,2195,2234,2229,2268,2330,2427,2506,2540,2495,2515,2584,2747,2751,2633,2571,2527,2421,2361,2183,2099,2003,1874,1659,1641,1523,1570,1608,1698,1653,1706,1745,1805,1978,2086,2117,2141,2158,2231,2324,2439,2464,2454,2447,2426,2587,2566,2974,3402,3820,4190,4352,4582,4727,5066,5345,5571,5657,6034,6153,6676,7217,7635,8219,8518,9048,9482,9998,10587,11498,11876,12308,12588,13986,14840,15738,16167,16363,17813,19380,19915,20880,22351,24070,24776,27305,28483,29390,30087,31768,32552,31779,31737,31784,30725,31365,31638,30820,29127,29602,26424,25072,24231,24332,24022,23547,23174,23175,24012,22029,21636,21045,20152,19592,19200,,,,,,,,,,,,,,,,,,,,,,,,,,,,,,,,,,,,,,,,,,,,,,,,,,,,,,,,,,,,,,,,,,,,,,,,,,,,,,,,,,,,,,,,,,,,,,,,,,,,
Sarawak,Malaysia,1.5533,110.3592,72,72,77,79,89,104,110,116,119,139,170,186,213,216,230,233,241,253,249,263,265,272,277,290,298,309,319,323,318,323,341,355,331,296,306,283,270,266,272,262,265,218,212,192,185,176,175,170,162,154,145,139,125,117,111,89,85,80,79,78,62,59,55,52,54,54,56,48,36,34,26,26,25,23,19,20,21,20,20,20,20,15,15,13,14,13,16,17,14,15,14,17,17,17,18,16,16,16,17,17,16,10,10,9,9,8,6,4,5,5,5,7,9,10,8,11,12,22,29,35,36,45,54,58,67,70,68,68,91,92,91,78,75,66,63,55,43,39,35,17,18,6,5,5,5,6,6,6,4,2,2,5,6,7,10,15,15,15,15,16,17,18,18,18,18,18,13,13,13,7,5,6,6,5,4,4,4,4,1,2,2,2,2,2,4,4,4,4,5,7,6,9,13,13,13,16,17,17,20,22,30,40,49,48,40,40,41,45,39,38,42,40,41,39,34,35,41,56,58,69,96,102,113,121,132,132,151,146,148,138,158,155,152,139,137,125,135,124,111,107,106,96,88,81,80,75,70,61,46,43,37,35,35,33,21,21,20,20,20,20,21,21,18,19,18,19,19,18,18,16,24,22,23,25,22,18,22,23,26,31,34,36,38,35,36,42,45,55,63,70,74,86,102,150,172,321,449,611,783,830,889,923,1016,1152,1323,1451,1631,1574,1723,1792,1982,1846,1779,1808,1822,1903,1735,1693,1716,1692,1635,1674,1782,1703,1636,1662,1690,1590,1648,1646,1663,1710,1667,1720,1777,1847,1834,1973,1850,2056,2029,2111,2107,2060,2108,2047,2020,2102,2174,2182,2195,2224,2179,2224,2130,2070,2066,2075,2125,2097,2100,2171,2384,2327,2433,2320,2269,2286,2405,2379,2365,2583,2558,2509,2542,2367,2350,2409,2574,2573,2733,2912,2907,3198,3106,3226,3379,3666,3912,4189,4800,4853,4891,5119,5300,5261,5214,5310,5210,5338,5380,5144,5112,5128,5009,4885,5004,4898,5125,5124,5055,5096,5044,4777,4825,4828,4696,4553,4504,4503,4376,4379,4348,4319,4451,4548,4859,5157,5327,5338,5516,5911,6015,6180,6064,6239,6381,6509,6492,6502,6569,6998,6674,6802,6623,6552,6599,6691,6522,6692,6653,6603,6619,6373,6274,6316,6451,6195,6060,6085,6044,5933,5966,5687,5213,5049,5002,4904,4597,4460,4474,4276,4187,3990,3949,3813,3714,3588,3798,3792,3689,3781,3812,3646,3614,3698,3693,4019,4100,4071,4231,4279,4242,4365,4617,4740,4911,5236,5281,5398,5658,5811,6072,6249,6428,6551,6819,7009,7548,7793,8097,8468,9559,9747,10394,10959,12933,14195,15334,16335,17050,17991,18819,20340,21908,23326,23919,25112,26054,27622,27321,27801,29567,31493,33111,34526,35477,36963,37994,40415,41604,41143,43479,44072,45148,45159,44066,44007,44363,43101,,,,,,,,,,,,,,,,,,,,,,,,,,,,,,,,,,,,,,,,,,,,,,,,,,,,,,,,,,,,,,,,,,,,,,,,,,,,,,,,,,,,,,,,,,,,,,,,,,,,
Selangor,Malaysia,3.0738,101.5183,224,256,265,312,384,395,411,408,432,441,416,451,478,491,541,461,469,508,547,488,494,519,489,510,491,477,440,414,389,372,371,352,351,349,335,316,313,300,285,291,315,369,374,387,369,362,367,362,356,312,291,265,259,249,251,249,242,248,247,256,251,260,295,340,392,396,399,394,419,362,391,377,361,355,351,331,343,329,325,324,306,303,261,226,202,196,196,98,85,72,68,70,66,63,63,61,58,55,60,61,58,49,24,25,30,32,33,35,35,29,34,36,43,47,47,47,38,42,41,38,40,39,42,34,36,32,30,31,30,29,27,22,28,27,27,23,22,21,23,22,22,25,25,24,24,24,24,28,29,22,19,20,21,20,18,18,20,19,17,19,21,22,26,28,27,27,29,25,23,25,33,34,32,29,30,28,26,28,24,25,28,28,28,26,27,27,29,30,32,42,46,61,71,81,107,138,167,201,232,247,283,290,334,309,354,410,478,592,596,722,744,761,844,904,942,907,908,909,994,1056,1040,1088,1123,1099,1229,1219,1210,1350,1323,1206,1412,1422,1348,1432,1525,1493,1721,1734,1783,1665,1828,1828,2093,1924,2070,2474,3540,4758,4788,4732,4707,4431,3934,3016,3031,3116,3466,3580,3602,3699,3742,3169,3258,4457,4987,5604,5307,5581,5911,6289,6021,6244,6383,6533,7524,8307,8695,8707,8496,8923,8966,9145,9671,9932,10263,10114,8956,8450,8806,8957,9532,9580,9557,9747,9988,10461,11168,11894,12402,12631,13452,13526,13922,13828,14069,13745,13493,13575,13483,12331,11959,12259,13011,14969,17113,17362,17026,17156,18041,19380,20055,21042,21283,22027,21197,22597,22173,22537,22955,21197,19020,16251,16499,15771,15248,13355,12316,11818,11282,10539,9592,9072,8800,8768,8215,7979,7925,7835,7514,7339,7472,7281,6743,6830,6792,6740,6571,6571,6243,6013,6064,5771,5399,5458,5320,5184,5537,5539,5304,5145,5044,4975,4948,4974,5234,5240,5229,5064,5148,5039,4727,4610,4551,4514,4669,4946,4952,4941,4896,5008,5270,5547,5686,5840,6007,5746,5472,5358,5300,5534,5854,6146,6764,7383,7919,7970,8531,8489,8590,9553,10082,10629,11302,11778,11923,12553,13814,14530,14285,14733,14267,15298,16080,16915,17974,18310,18181,19097,19938,21414,22150,23351,23889,24899,25885,26258,26587,27202,28188,28851,29815,29925,29326,28529,28445,27424,27830,26665,26165,25478,25361,24824,23793,23259,22871,22341,22032,22335,21774,22141,21712,22042,22276,22744,22961,24068,25078,25919,26693,27296,28189,29724,31041,32906,35216,37473,40156,42646,45858,48430,52089,55076,57222,59855,61819,64250,66679,68807,72111,75203,79031,81133,82418,84544,85575,86152,87539,89030,90584,90794,93581,96014,97090,96941,95078,94040,94715,94450,93560,94780,94907,95778,95182,94971,93514,92207,90279,90400,89232,87782,85085,84526,85181,83702,83052,80332,78097,78600,75372,72393,68964,65618,63963,61386,59092,55950,51637,49318,45750,43523,41766,39779,38796,37410,36346,34595,32691,31771,31055,30503,,,,,,,,,,,,,,,,,,,,,,,,,,,,,,,,,,,,,,,,,,,,,,,,,,,,,,,,,,,,,,,,,,,,,,,,,,,,,,,,,,,,,,,,,,,,,,,,,,,,
Terengganu,Malaysia,5.3117,103.1324,31,37,37,37,38,40,44,46,46,46,49,51,69,75,84,90,90,93,99,84,85,85,86,85,85,84,83,72,72,65,62,59,59,56,56,45,44,40,35,33,33,28,27,27,23,23,22,19,13,13,11,9,9,7,6,6,5,3,2,3,3,3,2,2,2,1,0,0,0,0,0,0,0,0,0,0,0,0,0,0,0,0,0,0,0,0,0,0,0,0,0,0,0,0,0,0,0,0,0,0,0,0,0,0,0,0,0,0,0,0,0,0,0,0,0,0,1,3,3,3,3,3,3,3,3,3,3,3,3,2,2,0,0,0,0,0,0,0,0,0,0,0,0,0,0,0,0,0,0,0,0,0,0,0,0,0,0,0,0,0,0,0,0,0,0,0,0,0,0,0,0,0,0,0,0,0,0,0,0,0,0,0,0,0,0,0,0,0,2,2,3,3,6,8,11,20,20,25,26,30,34,39,36,38,37,36,34,27,26,29,31,27,26,22,21,19,18,25,28,31,42,43,40,42,55,55,55,58,57,62,59,58,58,45,35,32,26,22,20,22,23,16,12,15,13,13,13,9,10,11,11,7,8,7,7,3,4,3,3,4,3,3,3,6,7,13,25,34,41,40,42,45,43,38,23,14,12,17,15,12,16,17,19,20,36,47,62,63,65,78,91,86,107,114,133,166,182,201,270,334,394,383,376,390,436,410,529,590,741,787,848,808,854,899,866,885,848,925,867,783,761,685,615,596,569,563,537,564,548,498,498,496,466,463,462,459,418,379,339,297,257,247,228,205,193,167,101,93,92,107,111,112,140,134,127,140,139,146,179,194,198,173,175,202,205,188,172,138,121,106,90,90,71,36,35,38,32,35,39,37,45,52,62,87,126,153,172,177,188,237,246,233,212,186,161,131,97,91,136,156,141,182,213,211,210,246,422,447,482,540,544,600,644,661,584,641,659,736,828,879,863,988,1072,1240,1356,1411,1501,1715,1870,2084,2198,2021,2075,2111,2247,2217,2210,2313,2162,2160,2204,2291,2182,1885,1841,1670,1606,1306,1005,910,757,676,635,585,565,495,448,380,345,319,305,295,259,259,258,237,254,284,297,319,327,359,366,395,433,451,466,568,612,738,769,822,916,1005,1021,1148,1225,1583,1632,1860,1959,1959,2128,2489,2610,2646,3355,3462,3474,3756,3864,4051,4199,4265,4312,4797,4517,4497,4508,4879,4445,4453,4722,4921,4853,4991,4975,4963,4827,4719,4673,4825,4949,5043,5301,5797,5851,5952,5882,6282,6281,6644,6909,7130,7208,7582,7823,8024,7820,8273,8352,8062,8666,9191,8403,8972,8247,8835,9203,8981,,,,,,,,,,,,,,,,,,,,,,,,,,,,,,,,,,,,,,,,,,,,,,,,,,,,,,,,,,,,,,,,,,,,,,,,,,,,,,,,,,,,,,,,,,,,,,,,,,,,
Unknown,Malaysia,,,0,0,0,0,0,0,0,0,0,0,0,0,0,0,0,0,0,0,0,0,0,0,0,0,0,0,0,0,0,0,0,0,0,0,0,0,0,0,0,0,0,0,0,0,0,0,0,0,0,0,0,0,0,0,0,0,0,0,0,0,0,0,0,0,0,0,0,0,0,0,0,0,0,0,0,0,0,0,0,0,0,0,0,0,0,0,0,0,0,0,0,0,0,0,0,0,0,0,0,0,0,0,0,0,0,0,0,0,0,0,0,0,0,0,0,0,0,0,0,0,0,0,0,0,0,0,0,0,0,0,0,0,0,0,0,0,0,0,0,0,0,0,0,0,0,0,0,0,0,0,0,0,0,0,0,0,0,0,0,0,0,0,0,0,0,0,0,0,0,0,0,0,0,0,0,0,0,0,0,0,0,0,0,0,0,0,0,0,0,0,0,0,0,0,0,0,0,0,0,0,0,0,0,0,0,0,0,0,0,0,0,0,0,0,0,0,0,0,0,0,0,0,0,0,0,0,0,0,0,0,0,0,0,0,0,0,0,0,0,0,0,0,0,0,0,0,0,0,0,0,0,0,0,0,0,0,0,0,0,0,0,0,0,0,0,0,0,0,0,0,0,0,0,0,0,0,0,0,0,0,0,0,0,0,0,0,0,0,0,0,0,0,0,0,0,0,0,0,0,0,0,0,0,0,0,0,0,0,0,0,0,0,0,0,0,0,0,0,0,0,0,0,0,0,0,0,0,0,0,0,0,0,0,0,0,0,0,0,0,0,0,0,0,0,0,0,0,0,0,0,0,0,0,0,0,0,0,0,0,0,0,0,0,0,0,0,0,0,0,0,0,0,0,0,0,0,0,0,0,0,0,0,0,0,0,0,0,0,0,0,0,0,0,0,0,0,0,0,0,0,0,0,0,0,0,0,0,0,0,0,0,0,0,0,0,0,0,0,0,0,0,0,0,0,0,0,0,0,0,0,0,0,0,0,0,0,0,0,0,0,0,0,0,0,0,0,0,0,0,0,0,0,0,0,0,0,0,0,0,0,0,0,0,0,0,0,0,0,0,0,0,0,0,0,0,0,0,0,0,0,0,0,0,0,0,0,0,0,0,0,0,0,0,0,0,0,0,0,0,0,0,0,0,0,0,0,0,0,0,0,0,0,0,0,0,0,0,0,0,0,0,0,0,0,0,0,0,0,0,0,0,0,0,0,0,0,0,0,0,0,0,0,0,0,0,0,0,0,0,0,,,,,,,,,,,,,,,,,,,,,,,,,,,,,,,,,,,,,,,,,,,,,,,,,,,,,,,,,,,,,,,,,,,,,,,,,,,,,,,,,,,,,,,,,,,,,,,,,,,,
W.P. Kuala Lumpur,Malaysia,3.139,101.6869,143,197,207,214,258,267,260,273,284,309,303,329,373,415,444,430,443,426,438,385,406,441,442,461,447,462,462,447,429,424,420,411,410,441,429,437,450,432,426,422,454,456,452,454,450,418,414,370,365,356,362,346,341,322,309,303,306,337,341,336,362,387,382,391,494,666,669,655,641,638,640,636,607,620,879,862,870,870,863,595,579,571,573,481,480,473,180,156,106,90,57,57,51,47,33,24,25,28,28,26,20,20,2,1,2,2,3,5,5,5,8,8,8,8,9,10,9,10,9,10,10,9,9,10,13,12,12,14,18,24,24,26,26,23,23,23,37,38,40,37,42,38,43,44,47,51,56,59,59,56,51,46,48,48,49,46,42,39,34,27,32,45,40,38,40,40,44,46,49,53,58,54,40,32,34,35,36,39,30,26,25,21,23,26,35,38,37,34,38,39,40,41,47,60,54,56,58,65,54,56,67,68,74,77,100,108,119,117,115,123,121,113,93,109,121,125,137,138,143,143,145,157,162,165,151,161,168,167,150,134,155,140,147,153,168,205,393,381,840,1215,1443,1446,1468,1406,1079,818,879,807,821,826,941,1088,1426,1406,1388,1450,1332,1549,1529,1393,1480,1414,1461,1453,1465,1481,1490,1541,2202,2381,2581,2720,2887,3099,3171,3633,3823,4100,4074,4696,4823,4823,5090,5246,5220,4781,4099,3290,3320,3442,3605,3310,3064,3209,3319,3489,3682,3914,3805,3931,4050,4096,4055,4191,4502,4937,5163,5343,5626,5668,5631,6120,6098,6459,6611,6811,6780,6545,6317,6613,6767,6992,6563,6629,6493,6314,6135,6410,6392,5877,5447,4868,4846,4587,4295,3652,3316,2997,2793,2735,2581,2382,2149,2263,1995,1863,1845,1790,1733,1639,1426,1352,1252,1302,1209,1155,1181,1079,1049,1020,1009,1005,1069,1075,1115,1152,1193,1167,1186,1208,1145,1140,1125,1095,1070,1036,1042,1013,910,921,959,965,1045,1100,1109,1141,1223,1309,1398,1441,1606,1784,1877,1883,2127,2274,2368,2515,2586,2631,2732,2930,3202,3379,3472,3466,3481,3475,3522,3717,3897,4022,4321,4406,4440,4599,4718,4875,4864,4940,4899,5059,5128,5466,5631,5777,5834,5950,6120,6238,6484,6571,6979,7282,7494,7513,7796,7878,8066,8326,8391,8371,8353,8246,8165,8342,8407,8200,8040,8116,7986,7778,7617,7605,7378,7319,7167,7410,7164,7008,6889,6966,7112,7084,7848,7921,8202,7945,8028,8110,8601,9536,10091,10622,11137,11957,12649,12801,13171,14363,14953,15915,17068,17440,17295,17439,17631,18092,18870,19885,20698,21412,22319,23476,24143,24724,24950,26041,26860,27572,28828,29392,29838,29982,29916,29981,29953,29138,29434,29403,29440,28744,28523,27877,27021,26324,25438,24242,23356,22651,21580,20658,19130,18114,17279,16535,15802,15106,14139,13451,12596,12109,11743,11175,10545,9969,9613,9033,8512,8195,7904,7277,7061,6872,6522,6230,6024,5914,5651,5454,,,,,,,,,,,,,,,,,,,,,,,,,,,,,,,,,,,,,,,,,,,,,,,,,,,,,,,,,,,,,,,,,,,,,,,,,,,,,,,,,,,,,,,,,,,,,,,,,,,,
W.P. Labuan,Malaysia,5.2831,115.2308,5,5,5,5,5,5,10,10,9,9,9,9,9,10,10,11,12,12,12,12,5,5,5,5,4,4,5,4,4,3,3,3,3,3,2,2,2,2,2,2,2,0,0,0,0,0,0,0,0,0,0,0,0,0,0,0,0,0,0,0,0,0,0,0,0,0,0,0,0,0,0,0,0,0,0,0,1,1,1,1,1,1,1,1,1,1,1,1,1,1,1,0,0,0,0,0,0,0,0,0,0,0,0,0,0,0,0,0,0,0,0,0,0,0,0,0,0,0,0,0,0,0,0,0,0,1,1,1,2,2,2,2,2,2,3,3,3,4,3,4,3,3,3,3,3,3,3,3,2,2,3,2,2,2,2,2,2,2,2,2,2,2,2,1,1,1,1,1,1,1,1,1,1,1,1,1,1,1,0,0,0,0,2,2,2,2,2,2,3,3,4,4,5,5,6,6,11,15,16,16,25,26,28,33,35,53,61,67,78,78,87,120,116,124,151,170,191,212,187,259,288,288,352,354,345,400,461,423,503,562,583,529,544,507,528,520,449,403,367,366,322,310,306,291,290,294,279,275,311,317,309,299,326,333,316,308,306,295,280,290,283,277,277,46,45,51,51,66,55,54,65,74,89,104,118,114,107,112,106,105,85,67,60,50,101,97,81,88,81,105,90,82,70,66,75,71,61,58,85,89,93,108,108,97,74,93,113,94,121,120,114,115,128,127,136,130,131,121,122,94,74,70,59,45,43,38,51,47,39,34,30,26,20,19,15,13,13,13,18,22,24,19,19,18,15,15,8,5,6,6,13,11,11,11,12,12,8,8,7,8,9,11,9,11,10,17,31,30,30,34,34,32,27,27,33,32,32,44,61,73,80,79,80,72,51,41,34,37,23,19,19,21,23,27,27,26,26,28,24,20,15,14,18,15,13,14,19,18,22,27,26,22,24,30,26,24,27,25,29,32,37,33,39,45,58,133,161,193,353,416,457,626,627,867,999,1161,1278,1409,1465,1609,1771,1914,1993,2135,2174,2127,2212,2253,2321,2251,2216,2151,2134,2131,2008,1969,1853,1786,1686,1730,1714,1651,1640,1574,1495,1579,1649,1641,1564,1466,1429,1390,1322,1267,1242,1192,1155,1097,1054,956,883,684,642,608,577,568,536,460,425,371,331,273,243,226,204,192,171,164,147,134,123,118,114,111,88,85,70,63,70,72,67,69,64,57,52,55,55,58,58,59,54,58,54,58,61,63,64,61,52,56,57,52,56,61,58,51,63,68,68,71,80,78,73,74,80,86,85,67,72,61,,,,,,,,,,,,,,,,,,,,,,,,,,,,,,,,,,,,,,,,,,,,,,,,,,,,,,,,,,,,,,,,,,,,,,,,,,,,,,,,,,,,,,,,,,,,,,,,,,,,
W.P. Putrajaya,Malaysia,2.9264,101.6964,9,11,12,11,13,14,14,16,19,21,21,27,27,26,27,28,30,32,34,30,27,27,29,26,23,23,22,21,29,42,42,42,42,37,31,31,31,32,32,32,36,33,34,34,31,22,22,22,20,18,14,10,10,9,9,10,9,9,9,10,10,10,10,9,9,9,9,9,9,12,12,12,11,11,11,11,11,11,11,11,11,11,11,11,9,9,8,6,4,3,1,1,1,1,0,0,0,0,0,0,0,0,0,0,0,0,0,0,0,0,0,0,1,1,1,1,1,1,1,1,1,1,1,1,1,0,0,0,0,0,0,0,0,0,0,0,0,0,0,0,1,1,1,1,1,1,1,1,1,1,1,1,0,0,0,0,0,0,0,0,0,0,0,0,0,0,0,0,0,0,0,0,0,0,0,0,0,0,0,0,0,0,0,0,0,0,0,0,0,0,0,0,0,5,5,7,7,9,10,12,14,16,17,12,14,14,15,15,17,15,15,17,17,20,24,23,22,22,20,20,20,20,14,18,19,25,27,28,25,29,29,28,29,31,26,21,18,22,20,20,22,23,20,21,15,16,15,8,9,13,13,13,12,12,12,11,9,8,10,9,9,9,9,10,11,10,8,9,6,10,11,13,17,18,22,22,25,28,34,31,36,39,37,38,39,38,47,63,58,68,75,88,106,113,117,130,157,165,178,180,203,213,219,215,232,250,259,281,297,305,285,285,247,238,228,182,167,152,149,156,156,155,139,144,132,119,110,112,109,92,88,77,77,72,62,62,65,61,55,51,48,40,41,41,39,36,38,44,47,39,39,28,24,23,17,19,21,20,21,20,21,21,19,15,15,18,18,23,26,28,28,28,28,29,32,32,36,40,53,60,62,56,67,71,78,88,97,96,99,102,95,87,81,67,67,61,62,69,69,67,65,72,84,90,80,70,74,73,78,87,92,91,94,112,108,102,93,92,104,115,102,112,112,107,134,148,148,160,190,201,223,231,249,256,252,257,254,235,229,220,220,223,203,216,208,208,183,188,180,165,147,150,127,118,107,86,86,85,83,92,99,109,109,103,125,133,131,132,140,144,155,175,197,232,235,256,285,310,366,390,439,490,521,558,586,607,630,694,716,770,746,797,844,877,955,996,1071,1095,1087,1109,1103,1060,1140,1134,1144,1113,1066,1037,1011,977,912,890,891,857,831,804,714,697,651,613,569,543,511,488,484,480,479,456,460,476,487,462,463,444,436,463,453,447,429,424,397,382,364,361,355,362,356,367,383,381,,,,,,,,,,,,,,,,,,,,,,,,,,,,,,,,,,,,,,,,,,,,,,,,,,,,,,,,,,,,,,,,,,,,,,,,,,,,,,,,,,,,,,,,,,,,,,,,,,,,
